<?xml version="1.0" encoding="UTF-8"?>

    <beans xmlns="http://www.springframework.org/schema/beans"
     xmlns:xsi="http://www.w3.org/2001/XMLSchema-instance"
     xsi:schemaLocation="http://www.springframework.org/schema/beans
http://www.springframework.org/schema/beans/spring-beans-4.0.xsd">
<!-- property injection/setter injection -->
<bean id="employee" class="com.cg.springsss.demo.Employee">
        <property name="employeeId">
            <value>100</value>
             </property>
             <property name="employeeName">
             <value>Pallavi</value> 
              </property>
             <property name="salary">
             <value>2000</value>          
        </property>
          <property name="businessunit">
             <value>Manager</value>          
        </property>
          <property name="age">
             <value>21</value>          
        </property>
    </bean>

<bean id="sbu" class="com.cg.springsss.demo.SBU">
<property name="sId">
<value>100</value>
</property>
<property name="sHead">
<value>pallavi</value>
</property>
<property name="sName">
<value>Engineer</value></property>
</bean>
</beans>